BookId,Title,Author,Illustrator,BookCoverImageUrl,LargeBookCoverImageUrl
1,The Case of the Bedroom Egg,Emily Brown,Sarah Lee,https://storage.googleapis.com/wonder-stories-web.appspot.com/books/images/book1/cover.png,https://storage.googleapis.com/wonder-stories-web.appspot.com/books/images/book1/lcover.png
2,The Weird Voice in the Woods,James Wilson,Maria Garcia,https://storage.googleapis.com/wonder-stories-web.appspot.com/books/images/book2/cover.png,https://storage.googleapis.com/wonder-stories-web.appspot.com/books/images/book2/lcover.png
3,The Case of the Wrong Bus,Nelson Yu,Silvia Amelio,https://storage.googleapis.com/wonder-stories-web.appspot.com/books/images/book3/cover.png,https://storage.googleapis.com/wonder-stories-web.appspot.com/books/images/book3/lcover.png
4,The Case of the Missing Moon,Shanna Germain,Kelly Latham,https://storage.googleapis.com/wonder-stories-web.appspot.com/books/images/book4/cover.png,https://storage.googleapis.com/wonder-stories-web.appspot.com/books/images/book4/lcover.png
5,The Case of the Haunted House,Loni Kim,Silvia Amelio,https://storage.googleapis.com/wonder-stories-web.appspot.com/books/images/book5/cover.png,https://storage.googleapis.com/wonder-stories-web.appspot.com/books/images/book5/lcover.png
6,The Case of the Door to Tomorrow,Jerry Gordon,Kelly Latham,https://storage.googleapis.com/wonder-stories-web.appspot.com/books/images/book6/cover.png,https://storage.googleapis.com/wonder-stories-web.appspot.com/books/images/book6/lcover.png
7,The Case of the Pencil Thief,Cole Swany,Silvia Amelio,https://storage.googleapis.com/wonder-stories-web.appspot.com/books/images/book7/cover.png,https://storage.googleapis.com/wonder-stories-web.appspot.com/books/images/book7/lcover.png
8,The Case of the Popped Balloons,Monica Valentinelli,Kelly Latham,https://storage.googleapis.com/wonder-stories-web.appspot.com/books/images/book8/cover.png,https://storage.googleapis.com/wonder-stories-web.appspot.com/books/images/book8/lcover.png
9,The Case of the Lunchtime Detectives,Mur Lafferty,Silvia Amelio,https://storage.googleapis.com/wonder-stories-web.appspot.com/books/images/book9/cover.png,https://storage.googleapis.com/wonder-stories-web.appspot.com/books/images/book9/lcover.png
10,The Case of the Sidewalk Pirate Ship,Tula Eriksson Turtiainen,Silvia Amelio,https://storage.googleapis.com/wonder-stories-web.appspot.com/books/images/book10/cover.png,https://storage.googleapis.com/wonder-stories-web.appspot.com/books/images/book10/lcover.png
11,The Case of Piper's Mustache,Carly Schuna,Silvia Amelio,https://storage.googleapis.com/wonder-stories-web.appspot.com/books/images/book11/cover.png,https://storage.googleapis.com/wonder-stories-web.appspot.com/books/images/book11/lcover.png
12,The Case of the Friend In Need,John Zakour,Silvia Amelio,https://storage.googleapis.com/wonder-stories-web.appspot.com/books/images/book12/cover.png,https://storage.googleapis.com/wonder-stories-web.appspot.com/books/images/book12/lcover.png
13,The Case of the Lunch Ladies,Matt Denis,Silvia Amelio,https://storage.googleapis.com/wonder-stories-web.appspot.com/books/images/book13/cover.png,https://storage.googleapis.com/wonder-stories-web.appspot.com/books/images/book13/lcover.png
14,The Case of the Haunted House 2,Loni Kim,Silvia Amelio,https://storage.googleapis.com/wonder-stories-web.appspot.com/books/images/book14/cover.png,https://storage.googleapis.com/wonder-stories-web.appspot.com/books/images/book14/lcover.png
15,The Door to Tomorrow Part 2,Jerry Gordon,Kelly Latham,https://storage.googleapis.com/wonder-stories-web.appspot.com/books/images/book15/cover.png,https://storage.googleapis.com/wonder-stories-web.appspot.com/books/images/book15/lcover.png
16,The Case of the  Flying Birthday,Carly Schuna,Silvia Amelio,https://storage.googleapis.com/wonder-stories-web.appspot.com/books/images/book16/cover.png,https://storage.googleapis.com/wonder-stories-web.appspot.com/books/images/book16/lcover.png
17,The Case of the Exploding Toilets,Matt Denis,Silvia Amelio,https://storage.googleapis.com/wonder-stories-web.appspot.com/books/images/book17/cover.png,https://storage.googleapis.com/wonder-stories-web.appspot.com/books/images/book17/lcover.png
18,The Green Goo,Steve Ince,Steve Ince,https://storage.googleapis.com/wonder-stories-web.appspot.com/books/images/book18/cover.png,https://storage.googleapis.com/wonder-stories-web.appspot.com/books/images/book18/lcover.png
20,The Case of the  Monkeys and Lies,John Zakour,Silvia Amelio,https://storage.googleapis.com/wonder-stories-web.appspot.com/books/images/book20/cover.png,https://storage.googleapis.com/wonder-stories-web.appspot.com/books/images/book20/lcover.png
21,The Case of the Multiplying Bunnies,Monica Valentinelli,Kelly Latham,https://storage.googleapis.com/wonder-stories-web.appspot.com/books/images/book21/cover.png,https://storage.googleapis.com/wonder-stories-web.appspot.com/books/images/book21/lcover.png
22,The Case of the Purple Gas,Tula Eriksson Turtiainen,Silvia Amelio,https://storage.googleapis.com/wonder-stories-web.appspot.com/books/images/book22/cover.png,https://storage.googleapis.com/wonder-stories-web.appspot.com/books/images/book22/lcover.png
23,The Case of the Escaped Platypus,Matt Denis,Case of the Escaped Platypus,https://storage.googleapis.com/wonder-stories-web.appspot.com/books/images/book23/cover.png,https://storage.googleapis.com/wonder-stories-web.appspot.com/books/images/book23/lcover.png
24,The Case of the New Dog,Carly Schuna,Silvia Amelio,https://storage.googleapis.com/wonder-stories-web.appspot.com/books/images/book24/cover.png,https://storage.googleapis.com/wonder-stories-web.appspot.com/books/images/book24/lcover.png
26,Ziggy Higgs and the Missing Box of Figs,Steve Ince,Steve Ince,https://storage.googleapis.com/wonder-stories-web.appspot.com/books/images/book26/cover.png,https://storage.googleapis.com/wonder-stories-web.appspot.com/books/images/book26/lcover.png
27,The Case of the Cookie Ants,Elliott Hedman,Silvia Amelio,https://storage.googleapis.com/wonder-stories-web.appspot.com/books/images/book27/cover.png,https://storage.googleapis.com/wonder-stories-web.appspot.com/books/images/book27/lcover.png
28,The Case of the Shaking Classroom,Elliott Hedman,Silvia Amelio,https://storage.googleapis.com/wonder-stories-web.appspot.com/books/images/book28/cover.png,https://storage.googleapis.com/wonder-stories-web.appspot.com/books/images/book28/lcover.png
29,The Forbidden Palace,Elliott Hedman,Silvia Amelio,https://storage.googleapis.com/wonder-stories-web.appspot.com/books/images/book29/cover.png,https://storage.googleapis.com/wonder-stories-web.appspot.com/books/images/book29/lcover.png
30,The Case of  Bubble Gum Hair,Elliott Hedman,Silvia Amelio,https://storage.googleapis.com/wonder-stories-web.appspot.com/books/images/book30/cover.png,https://storage.googleapis.com/wonder-stories-web.appspot.com/books/images/book30/lcover.png
31,The  Muddy Race,Elliott Hedman,Silvia Amelio,https://storage.googleapis.com/wonder-stories-web.appspot.com/books/images/book31/cover.png,https://storage.googleapis.com/wonder-stories-web.appspot.com/books/images/book31/lcover.png
34,The Case of the Shrinking Circus,Mia Serrano,Kelly Latham,https://storage.googleapis.com/wonder-stories-web.appspot.com/books/images/book34/cover.png,https://storage.googleapis.com/wonder-stories-web.appspot.com/books/images/book34/lcover.png
36,The Case of the Desk of Worms,Elliott Hedman,Silvia Amelio,https://storage.googleapis.com/wonder-stories-web.appspot.com/books/images/book36/cover.png,https://storage.googleapis.com/wonder-stories-web.appspot.com/books/images/book36/lcover.png
37,Prankster's Diary:  Go Fish,Elliott Hedman,Silvia Amelio,https://storage.googleapis.com/wonder-stories-web.appspot.com/books/images/book37/cover.png,https://storage.googleapis.com/wonder-stories-web.appspot.com/books/images/book37/lcover.png
38,The Cursed Diamond Part 1,Mur Lafferty,Silvia Amelio,https://storage.googleapis.com/wonder-stories-web.appspot.com/books/images/book38/cover.png,https://storage.googleapis.com/wonder-stories-web.appspot.com/books/images/book38/lcover.png
39,The Cursed Diamond Part 2,Mur Lafferty,Silvia Amelio,https://storage.googleapis.com/wonder-stories-web.appspot.com/books/images/book39/cover.png,https://storage.googleapis.com/wonder-stories-web.appspot.com/books/images/book39/lcover.png
40,War Pig,Elliott Hedman,Silvia Amelio,https://storage.googleapis.com/wonder-stories-web.appspot.com/books/images/book40/cover.png,https://storage.googleapis.com/wonder-stories-web.appspot.com/books/images/book40/lcover.png
42,The Case of the  Laughing Vampire,Elliott Hedman,Silvia Amelio,https://storage.googleapis.com/wonder-stories-web.appspot.com/books/images/book42/cover.png,https://storage.googleapis.com/wonder-stories-web.appspot.com/books/images/book42/lcover.png
44,The Case of  the Electric Thief,Elliott Hedman,Silvia Amelio,https://storage.googleapis.com/wonder-stories-web.appspot.com/books/images/book44/cover.png,https://storage.googleapis.com/wonder-stories-web.appspot.com/books/images/book44/lcover.png
45,The Case of  the Electric Thief,Elliott Hedman,Silvia Amelio,https://storage.googleapis.com/wonder-stories-web.appspot.com/books/images/book45/cover.png,https://storage.googleapis.com/wonder-stories-web.appspot.com/books/images/book45/lcover.png
46,The Case of the Silly Lightning Hair,Elliott Hedman,Kelly Latham,https://storage.googleapis.com/wonder-stories-web.appspot.com/books/images/book46/cover.png,https://storage.googleapis.com/wonder-stories-web.appspot.com/books/images/book46/lcover.png
47,The Case of the Popped Soccer Ball,Elliott Hedman,Kelly Latham,https://storage.googleapis.com/wonder-stories-web.appspot.com/books/images/book47/cover.png,https://storage.googleapis.com/wonder-stories-web.appspot.com/books/images/book47/lcover.png
100,The Turkey Temple,Elliott Hedman,Silvia Amelio,https://storage.googleapis.com/wonder-stories-web.appspot.com/books/images/book100/cover.png,https://storage.googleapis.com/wonder-stories-web.appspot.com/books/images/book100/lcover.png
101,The Flying Bowling Ball,Elliott Hedman,Silvia Amelio,https://storage.googleapis.com/wonder-stories-web.appspot.com/books/images/book101/cover.png,https://storage.googleapis.com/wonder-stories-web.appspot.com/books/images/book101/lcover.png
102,Who sprayed Mom?,Elliott Hedman,Silvia Amelio,https://storage.googleapis.com/wonder-stories-web.appspot.com/books/images/book102/cover.png,https://storage.googleapis.com/wonder-stories-web.appspot.com/books/images/book102/lcover.png
103,Basketball Blunder,Elliott Hedman,Silvia Amelio,https://storage.googleapis.com/wonder-stories-web.appspot.com/books/images/book103/cover.png,https://storage.googleapis.com/wonder-stories-web.appspot.com/books/images/book103/lcover.png
104,The Bunny Battle,Elliott Hedman,Silvia Amelio,https://storage.googleapis.com/wonder-stories-web.appspot.com/books/images/book104/cover.png,https://storage.googleapis.com/wonder-stories-web.appspot.com/books/images/book104/lcover.png
105,Skeleton Faces,Elliott Hedman,Silvia Amelio,https://storage.googleapis.com/wonder-stories-web.appspot.com/books/images/book105/cover.png,https://storage.googleapis.com/wonder-stories-web.appspot.com/books/images/book105/lcover.png
106,The Cow Man,Elliott Hedman,Silvia Amelio,https://storage.googleapis.com/wonder-stories-web.appspot.com/books/images/book106/cover.png,https://storage.googleapis.com/wonder-stories-web.appspot.com/books/images/book106/lcover.png
107,The Robbery,Elliott Hedman,Silvia Amelio,https://storage.googleapis.com/wonder-stories-web.appspot.com/books/images/book107/cover.png,https://storage.googleapis.com/wonder-stories-web.appspot.com/books/images/book107/lcover.png
108,Where is Nacho 1,Elliott Hedman,Silvia Amelio,https://storage.googleapis.com/wonder-stories-web.appspot.com/books/images/book108/cover.png,https://storage.googleapis.com/wonder-stories-web.appspot.com/books/images/book108/lcover.png
109,Where is Nacho 2,Elliott Hedman,Silvia Amelio,https://storage.googleapis.com/wonder-stories-web.appspot.com/books/images/book109/cover.png,https://storage.googleapis.com/wonder-stories-web.appspot.com/books/images/book109/lcover.png
110,Where is Nacho 3,Elliott Hedman,Silvia Amelio,https://storage.googleapis.com/wonder-stories-web.appspot.com/books/images/book110/cover.png,https://storage.googleapis.com/wonder-stories-web.appspot.com/books/images/book110/lcover.png
111,Baby Jumping,Elliott Hedman,Silvia Amelio,https://storage.googleapis.com/wonder-stories-web.appspot.com/books/images/book111/cover.png,https://storage.googleapis.com/wonder-stories-web.appspot.com/books/images/book111/lcover.png
112,The Bullet Ant Dance,Elliott Hedman,Silvia Amelio,https://storage.googleapis.com/wonder-stories-web.appspot.com/books/images/book112/cover.png,https://storage.googleapis.com/wonder-stories-web.appspot.com/books/images/book112/lcover.png
113,The Case of the Lunchtime Detectives,Mur Lafferty,Silvia Amelio,https://storage.googleapis.com/wonder-stories-web.appspot.com/books/images/book113/cover.png,https://storage.googleapis.com/wonder-stories-web.appspot.com/books/images/book113/lcover.png
114,The Tomato Fight,Elliott Hedman,Silvia Amelio,https://storage.googleapis.com/wonder-stories-web.appspot.com/books/images/book114/cover.png,https://storage.googleapis.com/wonder-stories-web.appspot.com/books/images/book114/lcover.png
115,Where is Dad,Elliott Hedman,Silvia Amelio,https://storage.googleapis.com/wonder-stories-web.appspot.com/books/images/book115/cover.png,https://storage.googleapis.com/wonder-stories-web.appspot.com/books/images/book115/lcover.png
116,Dog Party,Elliott Hedman,Silvia Amelio,https://storage.googleapis.com/wonder-stories-web.appspot.com/books/images/book116/cover.png,https://storage.googleapis.com/wonder-stories-web.appspot.com/books/images/book116/lcover.png
118,Snake Hair,Elliott Hedman,Silvia Amelio,https://storage.googleapis.com/wonder-stories-web.appspot.com/books/images/book118/cover.png,https://storage.googleapis.com/wonder-stories-web.appspot.com/books/images/book118/lcover.png
119,Messy Sauce,Elliott Hedman,Silvia Amelio,https://storage.googleapis.com/wonder-stories-web.appspot.com/books/images/book119/cover.png,https://storage.googleapis.com/wonder-stories-web.appspot.com/books/images/book119/lcover.png
120,I Lost the Moon,Elliott Hedman,Silvia Amelio,https://storage.googleapis.com/wonder-stories-web.appspot.com/books/images/book120/cover.png,https://storage.googleapis.com/wonder-stories-web.appspot.com/books/images/book120/lcover.png
121,The Slippery Soccer Field,Elliott Hedman,Silvia Amelio,https://storage.googleapis.com/wonder-stories-web.appspot.com/books/images/book121/cover.png,https://storage.googleapis.com/wonder-stories-web.appspot.com/books/images/book121/lcover.png
122,The Case of the Broken Clams,Elliott Hedman,Silvia Amelio,https://storage.googleapis.com/wonder-stories-web.appspot.com/books/images/book122/cover.png,https://storage.googleapis.com/wonder-stories-web.appspot.com/books/images/book122/lcover.png
123,The Baby Unicorn,Elliott Hedman,Silvia Amelio,https://storage.googleapis.com/wonder-stories-web.appspot.com/books/images/book123/cover.png,https://storage.googleapis.com/wonder-stories-web.appspot.com/books/images/book123/lcover.png
124,Mustache Day,Elliott Hedman,Silvia Amelio,https://storage.googleapis.com/wonder-stories-web.appspot.com/books/images/book124/cover.png,https://storage.googleapis.com/wonder-stories-web.appspot.com/books/images/book124/lcover.png
125,Missing Friends,Elliott Hedman,Silvia Amelio,https://storage.googleapis.com/wonder-stories-web.appspot.com/books/images/book125/cover.png,https://storage.googleapis.com/wonder-stories-web.appspot.com/books/images/book125/lcover.png
126,Bad Pudding,Mia Serrano,Silvia Amelio,https://storage.googleapis.com/wonder-stories-web.appspot.com/books/images/book126/cover.png,https://storage.googleapis.com/wonder-stories-web.appspot.com/books/images/book126/lcover.png
127,The Headless Man,Dan Caffrey,Silvia Amelio,https://storage.googleapis.com/wonder-stories-web.appspot.com/books/images/book127/cover.png,https://storage.googleapis.com/wonder-stories-web.appspot.com/books/images/book127/lcover.png
128,How the Dog Got Its Bark,Carly Schuna,Silvia Amelio,https://storage.googleapis.com/wonder-stories-web.appspot.com/books/images/book128/cover.png,https://storage.googleapis.com/wonder-stories-web.appspot.com/books/images/book128/lcover.png
129,April Fools!,Carly Schuna,Silvia Amelio,https://storage.googleapis.com/wonder-stories-web.appspot.com/books/images/book129/cover.png,https://storage.googleapis.com/wonder-stories-web.appspot.com/books/images/book129/lcover.png
130,Glomper Goes to the Dentist,Carly Schuna,Silvia Amelio,https://storage.googleapis.com/wonder-stories-web.appspot.com/books/images/book130/cover.png,https://storage.googleapis.com/wonder-stories-web.appspot.com/books/images/book130/lcover.png
131,Growth Spurt,Carly Schuna,Silvia Amelio,https://storage.googleapis.com/wonder-stories-web.appspot.com/books/images/book131/1cover.png,https://storage.googleapis.com/wonder-stories-web.appspot.com/books/images/book131/lcover.png
132,Hide and Seek,Carly Schuna,Silvia Amelio,https://storage.googleapis.com/wonder-stories-web.appspot.com/books/images/book132/cover.png,https://storage.googleapis.com/wonder-stories-web.appspot.com/books/images/book132/lcover.png
134,I Ate Bugs,Carly Schuna,Silvia Amelio,https://storage.googleapis.com/wonder-stories-web.appspot.com/books/images/book134/cover.png,https://storage.googleapis.com/wonder-stories-web.appspot.com/books/images/book134/lcover.png
136,Lost in the Woods,Carly Schuna,Silvia Amelio,https://storage.googleapis.com/wonder-stories-web.appspot.com/books/images/book136/cover.png,https://storage.googleapis.com/wonder-stories-web.appspot.com/books/images/book136/lcover.png
138,My First New Friend,Carly Schuna,Silvia Amelio,https://storage.googleapis.com/wonder-stories-web.appspot.com/books/images/book138/cover.png,https://storage.googleapis.com/wonder-stories-web.appspot.com/books/images/book138/lcover.png
139,My New Pen Pal,Carly Schuna,Silvia Amelio,https://storage.googleapis.com/wonder-stories-web.appspot.com/books/images/book139/cover.png,https://storage.googleapis.com/wonder-stories-web.appspot.com/books/images/book139/lcover.png
184,The Missing Girl,Elliott Hedman,Silvia Amelio,https://storage.googleapis.com/wonder-stories-web.appspot.com/books/images/book184/cover.png,https://storage.googleapis.com/wonder-stories-web.appspot.com/books/images/book184/lcover.png
189,Melted Video Games,Elliott Hedman,Silvia Amelio,https://storage.googleapis.com/wonder-stories-web.appspot.com/books/images/book189/cover.png,https://storage.googleapis.com/wonder-stories-web.appspot.com/books/images/book189/lcover.png
190,Fireplace Problems,Elliott Hedman,Silvia Amelio,https://storage.googleapis.com/wonder-stories-web.appspot.com/books/images/book190/cover.png,https://storage.googleapis.com/wonder-stories-web.appspot.com/books/images/book190/lcover.png
200,The Island of the Ring Tailed Bandit,Elliott Hedman,Silvia Amelio,https://storage.googleapis.com/wonder-stories-web.appspot.com/books/images/book200/cover.png,https://storage.googleapis.com/wonder-stories-web.appspot.com/books/images/book200/lcover.png
903,Saving Big Foot,Elliott Hedman,Elliott Hedman,https://storage.googleapis.com/wonder-stories-web.appspot.com/books/images/book903/cover.png,https://storage.googleapis.com/wonder-stories-web.appspot.com/books/images/book903/lcover.png