s;https://thesoundofenglish.org/wp-content/uploads/in5-archives/interactive-ipa-chart-22/Interactive%20IPA%20Chart%2022/assets/media/SOUND%2025.mp3
a;https://thesoundofenglish.org/wp-content/uploads/in5-archives/interactive-ipa-chart-22/Interactive%20IPA%20Chart%2022/assets/media/SOUND%205.mp3
t;https://thesoundofenglish.org/wp-content/uploads/in5-archives/interactive-ipa-chart-22/Interactive%20IPA%20Chart%2022/assets/media/SOUND%2026.mp3
m;https://thesoundofenglish.org/wp-content/uploads/in5-archives/interactive-ipa-chart-22/Interactive%20IPA%20Chart%2022/assets/media/SOUND%205.mp3
o;https://thesoundofenglish.org/wp-content/uploads/in5-archives/interactive-ipa-chart-22/Interactive%20IPA%20Chart%2022/assets/media/SOUND%205.mp3
p;https://thesoundofenglish.org/wp-content/uploads/in5-archives/interactive-ipa-chart-22/Interactive%20IPA%20Chart%2022/assets/media/SOUND%2026.mp3
b;https://thesoundofenglish.org/wp-content/uploads/in5-archives/interactive-ipa-chart-22/Interactive%20IPA%20Chart%2022/assets/media/SOUND%205.mp3
i;https://thesoundofenglish.org/wp-content/uploads/in5-archives/interactive-ipa-chart-22/Interactive%20IPA%20Chart%2022/assets/media/SOUND%205.mp3
n;https://thesoundofenglish.org/wp-content/uploads/in5-archives/interactive-ipa-chart-22/Interactive%20IPA%20Chart%2022/assets/media/SOUND%205.mp3
r;https://thesoundofenglish.org/wp-content/uploads/in5-archives/interactive-ipa-chart-22/Interactive%20IPA%20Chart%2022/assets/media/SOUND%205.mp3
e;https://thesoundofenglish.org/wp-content/uploads/in5-archives/interactive-ipa-chart-22/Interactive%20IPA%20Chart%2022/assets/media/SOUND%205.mp3
d;https://thesoundofenglish.org/wp-content/uploads/in5-archives/interactive-ipa-chart-22/Interactive%20IPA%20Chart%2022/assets/media/SOUND%205.mp3
c;https://thesoundofenglish.org/wp-content/uploads/in5-archives/interactive-ipa-chart-22/Interactive%20IPA%20Chart%2022/assets/media/SOUND%2026.mp3
u;https://thesoundofenglish.org/wp-content/uploads/in5-archives/interactive-ipa-chart-22/Interactive%20IPA%20Chart%2022/assets/media/SOUND%205.mp3
f;https://thesoundofenglish.org/wp-content/uploads/in5-archives/interactive-ipa-chart-22/Interactive%20IPA%20Chart%2022/assets/media/SOUND%2021.mp3
j;https://thesoundofenglish.org/wp-content/uploads/in5-archives/interactive-ipa-chart-22/Interactive%20IPA%20Chart%2022/assets/media/SOUND%205.mp3
k;https://thesoundofenglish.org/wp-content/uploads/in5-archives/interactive-ipa-chart-22/Interactive%20IPA%20Chart%2022/assets/media/SOUND%2026.mp3
l;https://thesoundofenglish.org/wp-content/uploads/in5-archives/interactive-ipa-chart-22/Interactive%20IPA%20Chart%2022/assets/media/SOUND%205.mp3
h;https://thesoundofenglish.org/wp-content/uploads/in5-archives/interactive-ipa-chart-22/Interactive%20IPA%20Chart%2022/assets/media/SOUND%2026.mp3
v;https://thesoundofenglish.org/wp-content/uploads/in5-archives/interactive-ipa-chart-22/Interactive%20IPA%20Chart%2022/assets/media/SOUND%2026.mp3
z;https://thesoundofenglish.org/wp-content/uploads/in5-archives/interactive-ipa-chart-22/Interactive%20IPA%20Chart%2022/assets/media/SOUND%2026.mp3
w;https://thesoundofenglish.org/wp-content/uploads/in5-archives/interactive-ipa-chart-22/Interactive%20IPA%20Chart%2022/assets/media/SOUND%205.mp3
g;https://thesoundofenglish.org/wp-content/uploads/in5-archives/interactive-ipa-chart-22/Interactive%20IPA%20Chart%2022/assets/media/SOUND%205.mp3
y;https://thesoundofenglish.org/wp-content/uploads/in5-archives/interactive-ipa-chart-22/Interactive%20IPA%20Chart%2022/assets/media/SOUND%205.mp3
x;https://thesoundofenglish.org/wp-content/uploads/in5-archives/interactive-ipa-chart-22/Interactive%20IPA%20Chart%2022/assets/media/SOUND%2026.mp3
q;https://thesoundofenglish.org/wp-content/uploads/in5-archives/interactive-ipa-chart-22/Interactive%20IPA%20Chart%2022/assets/media/SOUND%2026.mp3
